[
{"day": "This", "temp": "High: 58 \u00b0F", "desc": "Slight Chance"},
{"day": "Tonight", "temp": "Low: 53 \u00b0F", "desc": "Chance"},
{"day": "Thursday", "temp": "High: 81 \u00b0F", "desc": "Slight Chance"},
{"day": "Thursday", "temp": "Low: 57 \u00b0F", "desc": "Showers"},
{"day": "Friday", "temp": "High: 73 \u00b0F", "desc": "Showers"},
{"day": "Friday", "temp": "Low: 58 \u00b0F", "desc": "Showers"},
{"day": "Saturday", "temp": "High: 74 \u00b0F", "desc": "Showers"},
{"day": "Saturday", "temp": "Low: 56 \u00b0F", "desc": "Showers"},
{"day": "Sunday", "temp": "High: 67 \u00b0F", "desc": "Showers"}
]